<?xml version="1.0" encoding="UTF-8"?>
<project-private xmlns="http://www.netbeans.org/ns/project-private/1">
    <editor-bookmarks xmlns="http://www.netbeans.org/ns/editor-bookmarks/2" lastBookmarkId="0"/>
    <open-files xmlns="http://www.netbeans.org/ns/projectui-open-files/2">
        <group>
            <file>file:/C:/Users/Moffat/Documents/NetBeansProjects/COIT20256/src/Main/BMRdata.java</file>
            <file>file:/C:/Users/Moffat/Documents/NetBeansProjects/COIT20256/src/Main/EnergyData.java</file>
            <file>file:/C:/Users/Moffat/Documents/NetBeansProjects/COIT20256/src/Main/PALdata.java</file>
            <file>file:/C:/Users/Moffat/Documents/NetBeansProjects/COIT20256/src/Main/PAL.java</file>
            <file>file:/C:/Users/Moffat/Documents/NetBeansProjects/COIT20256/src/Main/User.java</file>
            <file>file:/C:/Users/Moffat/Documents/NetBeansProjects/COIT20256/src/Main/UserEnergyInterfaceGUI.java</file>
        </group>
    </open-files>
</project-private>
